name,domain,twitter_account,hashtag
AFP Fact Check,factcheck.afp.com,AFPFactCheck,
Africa Check,africacheck.org,AfricaCheck,
Alt News,altnews.in,AltNews,
AP Fact Check,apnews.com/article/.*?fact-check,APFactCheck,
BBC Reality Check,bbc.com/news/reality_check,BBCRealityCheck,
BBC News (UK),,BBCNews,#BBCRealityCheck
BOOM FactCheck,boomlive.in,boomlive_in,
Check Your Fact,checkyourfact.com,Check_Your_Fact,
Checkology,get.checkology.org,,
Climate Feedback,climatefeedback.org,ClimateFdbk,
Fack Check,factcheck.org,factcheckdotorg,
FactCheckNI,factcheckni.org,FactCheckNI,
Full Fact,fullfact.org,FullFact,
Health Feedback,healthfeedback.org,HealthFeedback,
Lead Stories,leadstories.com,LeadStoriesCom,
Logically,logically.ai,LogicallyAI,
Media Bias Fact Check,mediabiasfactcheck.com,MBFC_News,
Media Matters,mediamatters.org,mmfa,
Misbar,misbar.com,misbar_en,
NewsGuard,newsguardtech.com,NewsGuardRating,
PolitiFact,politifact.com,PolitiFact,
PolygraphInfo,polygraph.info,PolygraphInfo,
Poynter,poynter.org,Poynter,
ProPublica,propublica.org,propublica,
Quote Investigator,quoteinvestigator.com,,
Reporters' Lab,reporterslab.org,ReportersLab,
Reuters Fact Check,reuters.com/fact-check,ReutersFacts,
SM Hoax Slayer,smhoaxslayer.com,SMHoaxSlayer,
Snopes,snopes.com,snopes,
The Ferret,theferret.scot,FerretScot,
The News Literacy Project,newslit.org,NewsLitProject,
Truth or Fiction,truthorfiction.com,,
Washington Post Fact Checker,washingtonpost.com/news/fact-checker,GlennKesslerWP,
ABC FactCheck,abc.net.au/news/factcheck,,
Channel 4 Fact Check,channel4.com/news/factcheck,,
Demagog,demagog.org.pl,DemagogPL,
El-Objectivo,lasexta.com/programas/el-objetivo/prueba-verificacion,,
El-Poligrafo,animalpolitico.com/elsabueso/amlo-trump-homicidios-cifras,,
FactChecker,factchecker.in,FactCheckIndia,
FactsCan,factscan.ca,,
Factual,factual.ro,Factual_RO,
Factually,gov.sg/.*?factually,,
IndiaToday Fact Check,indiatoday.in/fact-check,,
StopFake,stopfake.org,StopFakingNews,
Swissinfo,swissinfo.ch/eng/in-depth/fact-checks-by-swissinfo-ch,,
Times FactCheck,timesofindia.indiatimes.com/times-fact-check,,
